,PHRASE,COUNT,ON_TOPIC,UNIQUE,SPECIFIC,TOPIC,HKG,CHN,RUS,MYANMAR,INDIA,OTHER
0,peace,2.23e-11,1,1.0,1.0,,-1.0,-1.0,-1.0,-1.0,-1.0,-1.0
1,genocide,1.26e-11,1,1.0,1.0,,-1.0,-1.0,-1.0,-1.0,-1.0,-1.0
2,pro democracy,7.72e-12,1,1.0,1.0,,-1.0,-1.0,-1.0,-1.0,-1.0,-1.0
3,freedom,7.48e-12,1,1.0,1.0,,-1.0,-1.0,-1.0,-1.0,-1.0,-1.0
4,coup,7.07e-12,1,1.0,1.0,,-1.0,-1.0,-1.0,-1.0,-1.0,-1.0
5,detention,6.94e-12,1,1.0,1.0,,-1.0,-1.0,-1.0,-1.0,-1.0,-1.0
6,prisoners,4.04e-12,1,1.0,1.0,,-1.0,-1.0,-1.0,-1.0,-1.0,-1.0
7,human rights violations,3.55e-12,1,1.0,1.0,,-1.0,-1.0,-1.0,-1.0,-1.0,-1.0
8,occupation,1.92e-12,1,1.0,1.0,,-1.0,-1.0,-1.0,-1.0,-1.0,-1.0
9,human rights abuses,1.36e-12,1,1.0,1.0,,-1.0,-1.0,-1.0,-1.0,-1.0,-1.0
10,violence,1.31e-12,1,1.0,1.0,,-1.0,-1.0,-1.0,-1.0,-1.0,-1.0
11,populist,1.21e-12,1,1.0,1.0,,-1.0,-1.0,-1.0,-1.0,-1.0,-1.0
12,protest,1.11e-12,1,1.0,1.0,,-1.0,-1.0,-1.0,-1.0,-1.0,-1.0
13,censorship,1.04e-12,1,1.0,1.0,,-1.0,-1.0,-1.0,-1.0,-1.0,-1.0
14,repression,8.79e-13,1,1.0,1.0,,-1.0,-1.0,-1.0,-1.0,-1.0,-1.0
15,authoritarian,8.44e-13,1,1.0,1.0,,-1.0,-1.0,-1.0,-1.0,-1.0,-1.0
16,terrorist,7.95e-13,1,1.0,1.0,,-1.0,-1.0,-1.0,-1.0,-1.0,-1.0
17,regime change,7.71e-13,1,1.0,1.0,,-1.0,-1.0,-1.0,-1.0,-1.0,-1.0
18,extremist,6.54e-13,1,1.0,1.0,,-1.0,-1.0,-1.0,-1.0,-1.0,-1.0
19,murder,6.42e-13,1,1.0,1.0,,-1.0,-1.0,-1.0,-1.0,-1.0,-1.0
20,detainees,5.73e-13,1,1.0,1.0,,-1.0,-1.0,-1.0,-1.0,-1.0,-1.0
21,asylum seekers,5.37e-13,1,1.0,1.0,,-1.0,-1.0,-1.0,-1.0,-1.0,-1.0
22,alleged torture,5.06e-13,1,1.0,1.0,,-1.0,-1.0,-1.0,-1.0,-1.0,-1.0
23,autonomy,4.9e-13,1,1.0,1.0,,-1.0,-1.0,-1.0,-1.0,-1.0,-1.0
24,war crimes,4.81e-13,1,1.0,1.0,,-1.0,-1.0,-1.0,-1.0,-1.0,-1.0
25,junta,4.77e-13,1,1.0,1.0,,-1.0,-1.0,-1.0,-1.0,-1.0,-1.0
26,dictatorship,4.54e-13,1,1.0,1.0,,-1.0,-1.0,-1.0,-1.0,-1.0,-1.0
27,corruption,4.44e-13,1,1.0,1.0,,-1.0,-1.0,-1.0,-1.0,-1.0,-1.0
28,unrest,4.22e-13,1,1.0,1.0,,-1.0,-1.0,-1.0,-1.0,-1.0,-1.0
29,anti government,4.1e-13,1,1.0,1.0,,-1.0,-1.0,-1.0,-1.0,-1.0,-1.0
30,jailed,3.89e-13,1,1.0,1.0,,-1.0,-1.0,-1.0,-1.0,-1.0,-1.0
31,propaganda,3.73e-13,1,1.0,1.0,,-1.0,-1.0,-1.0,-1.0,-1.0,-1.0
32,trafficking,3.71e-13,1,1.0,1.0,,-1.0,-1.0,-1.0,-1.0,-1.0,-1.0
33,illiberal,3.64e-13,1,1.0,1.0,,-1.0,-1.0,-1.0,-1.0,-1.0,-1.0
34,imperialist,3.62e-13,1,1.0,1.0,,-1.0,-1.0,-1.0,-1.0,-1.0,-1.0
35,refugees,3.39e-13,1,1.0,1.0,,-1.0,-1.0,-1.0,-1.0,-1.0,-1.0
36,solidarity,3.38e-13,1,1.0,1.0,,-1.0,-1.0,-1.0,-1.0,-1.0,-1.0
37,intervention,3.21e-13,1,1.0,1.0,,-1.0,-1.0,-1.0,-1.0,-1.0,-1.0
38,humanitarian,2.69e-13,1,1.0,1.0,,-1.0,-1.0,-1.0,-1.0,-1.0,-1.0
39,state terrorism,2.66e-13,1,1.0,1.0,,-1.0,-1.0,-1.0,-1.0,-1.0,-1.0
40,killings,2.54e-13,1,1.0,1.0,,-1.0,-1.0,-1.0,-1.0,-1.0,-1.0
41,war criminals,2.43e-13,1,1.0,1.0,,-1.0,-1.0,-1.0,-1.0,-1.0,-1.0
42,Western media,2.4e-13,1,1.0,1.0,,-1.0,-1.0,-1.0,-1.0,-1.0,1.0
43,self determination,2.31e-13,1,1.0,1.0,,-1.0,-1.0,-1.0,-1.0,-1.0,-1.0
44,international law,2.1e-13,1,1.0,1.0,,-1.0,-1.0,-1.0,-1.0,-1.0,-1.0
45,victims,1.95e-13,1,1.0,1.0,,-1.0,-1.0,-1.0,-1.0,-1.0,-1.0
46,liberal,1.82e-12,1,1.0,1.0,,-1.0,-1.0,-1.0,-1.0,-1.0,-1.0
47,subversion,2.49e-13,1,1.0,1.0,,-1.0,-1.0,-1.0,-1.0,-1.0,-1.0
48,dissidents,1.87e-13,1,1.0,1.0,,-1.0,-1.0,-1.0,-1.0,-1.0,-1.0
49,of Hong Kong,2.34e-12,1,1.0,0.0,1.0,1.0,,,,,
50,Amnesty International,1e-12,1,1.0,0.0,,-1.0,-1.0,-1.0,-1.0,-1.0,-1.0
51,authoritative,3.64e-13,1,1.0,0.0,,-1.0,-1.0,-1.0,-1.0,-1.0,-1.0
52,the Chinese,1.75e-11,1,1.0,0.0,,,,,,,
53,the Indian,9.65e-12,1,1.0,0.0,,,,,,,
54,the Rohingya,3.27e-12,1,1.0,0.0,1.0,,,,,,
55,Jammu and Kashmir,1.98e-12,1,1.0,0.0,1.0,,,,,,
56,the MEK,1.35e-12,1,1.0,0.0,1.0,,,,,,
57,the Chinese Communist,1.13e-12,1,1.0,0.0,,,,,,,
58,the Chinese government,7.75e-13,1,1.0,0.0,,,,,,,
59,Rights and Democracy,6.75e-13,1,1.0,0.0,,,,,,,
60,same sex,4.66e-13,1,1.0,0.0,,,,,,,1.0
61,Popular Will,4.64e-13,1,1.0,0.0,1.0,,,,,,
62,the United Nations,4.64e-13,1,1.0,0.0,,,,,,,
63,the PRC,4.55e-13,1,1.0,0.0,1.0,,,,,,
64,the Spanish,4.45e-13,1,1.0,0.0,,,,,,,
65,the British,3.86e-13,1,1.0,0.0,,,,,,,
66,the Syrian,3.12e-13,1,1.0,0.0,,,,,,,
67,democracy protesters in,2.8e-13,1,1.0,0.0,,,,,,,
68,the BJP,2.44e-13,1,1.0,0.0,1.0,,,,,,
69,the Cold War,2.43e-13,1,1.0,0.0,,,,,,,
70,in Rwanda,2.39e-13,1,1.0,0.0,,,,,,,
71,the Rwandan,2.03e-13,1,1.0,0.0,1.0,,,,,,
72,the ICC,1.78e-13,1,1.0,0.0,,,,,,,
73,Hong Kong,1.16e-09,1,1.0,0.0,1.0,1.0,-1.0,-1.0,-1.0,-1.0,-1.0
74,United States,7.88e-10,1,1.0,0.0,,-1.0,-1.0,-1.0,-1.0,-1.0,-1.0
75,law,1.13e-10,1,1.0,0.0,,-1.0,-1.0,-1.0,-1.0,-1.0,-1.0
76,Suu Kyi,2.81e-11,1,1.0,0.0,1.0,-1.0,-1.0,-1.0,1.0,-1.0,-1.0
77,government,1.69e-11,1,1.0,0.0,,-1.0,-1.0,-1.0,-1.0,-1.0,-1.0
78,officials,1.68e-11,1,1.0,0.0,,-1.0,-1.0,-1.0,-1.0,-1.0,-1.0
79,police,1.63e-11,1,1.0,0.0,,-1.0,-1.0,-1.0,-1.0,-1.0,-1.0
80,power,1.17e-11,1,1.0,0.0,,-1.0,-1.0,-1.0,-1.0,-1.0,-1.0
81,military,1.03e-11,1,1.0,0.0,,-1.0,-1.0,-1.0,-1.0,-1.0,-1.0
82,countries,8.57e-12,1,1.0,0.0,,-1.0,-1.0,-1.0,-1.0,-1.0,-1.0
83,legislation,7.87e-12,1,1.0,0.0,,-1.0,-1.0,-1.0,-1.0,-1.0,-1.0
84,bill,7.75e-12,1,1.0,0.0,,-1.0,-1.0,-1.0,-1.0,-1.0,-1.0
85,national security law,6.1e-12,1,1.0,0.0,1.0,1.0,-1.0,-1.0,-1.0,-1.0,-1.0
86,political,5.96e-12,1,1.0,0.0,,-1.0,-1.0,-1.0,-1.0,-1.0,-1.0
87,media,5.34e-12,1,1.0,0.0,,-1.0,-1.0,-1.0,-1.0,-1.0,-1.0
88,camps,4.76e-12,1,1.0,0.0,,-1.0,-1.0,-1.0,-1.0,-1.0,-1.0
89,economic,4.66e-12,1,1.0,0.0,,-1.0,-1.0,-1.0,-1.0,-1.0,-1.0
90,activists,3.94e-12,1,1.0,0.0,,-1.0,-1.0,-1.0,-1.0,-1.0,-1.0
91,forces,3.07e-12,1,1.0,0.0,,-1.0,-1.0,-1.0,-1.0,-1.0,-1.0
92,Julian Assange,3.05e-12,1,1.0,0.0,1.0,-1.0,-1.0,-1.0,-1.0,-1.0,-1.0
93,administration,2.92e-12,1,1.0,0.0,,-1.0,-1.0,-1.0,-1.0,-1.0,-1.0
94,authorities,2.58e-12,1,1.0,0.0,,-1.0,-1.0,-1.0,-1.0,-1.0,-1.0
95,Hong Kongers,2.41e-12,1,1.0,0.0,,1.0,-1.0,-1.0,-1.0,-1.0,-1.0
96,Commerce Department,2.17e-12,1,1.0,0.0,,-1.0,-1.0,-1.0,-1.0,-1.0,-1.0
97,arrested,2.13e-12,1,1.0,0.0,,-1.0,-1.0,-1.0,-1.0,-1.0,-1.0
98,trade talks,1.94e-12,1,1.0,0.0,,-1.0,-1.0,-1.0,-1.0,-1.0,-1.0
99,Saudi Arabia,1.92e-12,1,1.0,0.0,1.0,-1.0,-1.0,-1.0,-1.0,-1.0,1.0
100,groups,1.78e-12,1,1.0,0.0,,-1.0,-1.0,-1.0,-1.0,-1.0,-1.0
101,crimes,1.7e-12,1,1.0,0.0,,-1.0,-1.0,-1.0,-1.0,-1.0,-1.0
102,State Department,1.69e-12,1,1.0,0.0,,-1.0,-1.0,-1.0,-1.0,-1.0,-1.0
103,Chinese government,1.62e-12,1,1.0,0.0,1.0,-1.0,1.0,-1.0,-1.0,-1.0,-1.0
104,United Nations,1.53e-12,1,1.0,0.0,,-1.0,-1.0,-1.0,-1.0,-1.0,-1.0
105,Chinese Communist Party,1.34e-12,1,1.0,0.0,1.0,-1.0,1.0,-1.0,-1.0,-1.0,-1.0
106,judiciary,1.34e-12,1,1.0,0.0,,-1.0,-1.0,-1.0,-1.0,-1.0,-1.0
107,Cold War,1.33e-12,1,1.0,0.0,,-1.0,-1.0,1.0,-1.0,-1.0,-1.0
108,new law,1.12e-12,1,1.0,0.0,,-1.0,-1.0,-1.0,-1.0,-1.0,-1.0
109,Chinas Xinjiang,1.08e-12,1,1.0,0.0,,-1.0,1.0,-1.0,-1.0,-1.0,-1.0
110,Muslim minority,1.08e-12,1,1.0,0.0,1.0,-1.0,1.0,-1.0,-1.0,-1.0,-1.0
111,crackdown,8.86e-13,1,1.0,0.0,,-1.0,-1.0,-1.0,-1.0,-1.0,-1.0
112,army,8.54e-13,1,1.0,0.0,,-1.0,-1.0,-1.0,-1.0,-1.0,-1.0
113,forced labor,7.69e-13,1,1.0,0.0,,-1.0,1.0,-1.0,-1.0,-1.0,-1.0
114,journalist,7.19e-13,1,1.0,0.0,,-1.0,-1.0,-1.0,-1.0,-1.0,-1.0
115,right wing,7.15e-13,1,1.0,0.0,,-1.0,-1.0,-1.0,-1.0,-1.0,-1.0
116,facial recognition,6.76e-13,1,1.0,0.0,,-1.0,-1.0,-1.0,-1.0,-1.0,-1.0
117,Falun Gong,5.89e-13,1,1.0,0.0,1.0,-1.0,1.0,-1.0,-1.0,-1.0,-1.0
118,territory,5.6e-13,1,1.0,0.0,,-1.0,-1.0,-1.0,-1.0,-1.0,-1.0
119,freed,5.47e-13,1,1.0,0.0,,-1.0,-1.0,-1.0,-1.0,-1.0,-1.0
120,fighters,5.45e-13,1,1.0,0.0,,-1.0,-1.0,-1.0,-1.0,-1.0,-1.0
121,Uighur Muslims,5.2e-13,1,1.0,0.0,1.0,-1.0,1.0,-1.0,-1.0,-1.0,-1.0
122,Hong Kong unrest,5.16e-13,1,1.0,0.0,,1.0,-1.0,-1.0,-1.0,-1.0,-1.0
123,civil,5.13e-13,1,1.0,0.0,,-1.0,-1.0,-1.0,-1.0,-1.0,-1.0
124,North Korea,4.63e-13,1,1.0,0.0,1.0,-1.0,-1.0,-1.0,-1.0,-1.0,1.0
125,Magnitsky Act,4.33e-13,1,1.0,0.0,1.0,-1.0,-1.0,1.0,-1.0,-1.0,-1.0
126,Fortify Rights,4.18e-13,1,1.0,0.0,1.0,-1.0,-1.0,-1.0,1.0,-1.0,-1.0
127,mainland China,4.1e-13,1,1.0,0.0,1.0,-1.0,1.0,-1.0,-1.0,-1.0,-1.0
128,extradition bill,3.91e-13,1,1.0,0.0,1.0,-1.0,-1.0,-1.0,-1.0,-1.0,-1.0
129,China trade,3.88e-13,1,1.0,0.0,,-1.0,1.0,-1.0,-1.0,-1.0,-1.0
130,indigenous,3.84e-13,1,1.0,0.0,1.0,-1.0,-1.0,-1.0,-1.0,-1.0,1.0
131,proprietary,3.74e-13,1,1.0,0.0,,-1.0,-1.0,-1.0,-1.0,-1.0,-1.0
132,Uyghur Muslims,3.55e-13,1,1.0,0.0,1.0,-1.0,1.0,-1.0,-1.0,-1.0,-1.0
133,Chinese officials,3.54e-13,1,1.0,0.0,,-1.0,1.0,-1.0,-1.0,-1.0,-1.0
134,movements,3.5e-13,1,1.0,0.0,,-1.0,-1.0,-1.0,-1.0,-1.0,-1.0
135,foreign policy,3.34e-13,1,1.0,0.0,,-1.0,-1.0,-1.0,-1.0,-1.0,-1.0
136,emergency,3.17e-13,1,1.0,0.0,,-1.0,-1.0,-1.0,-1.0,-1.0,-1.0
137,Latin America,2.98e-13,1,1.0,0.0,1.0,-1.0,-1.0,-1.0,-1.0,-1.0,1.0
138,affairs,2.84e-13,1,1.0,0.0,,-1.0,-1.0,-1.0,-1.0,-1.0,-1.0
139,conflict,2.65e-13,1,1.0,0.0,,-1.0,-1.0,-1.0,-1.0,-1.0,-1.0
140,elected,2.39e-13,1,1.0,0.0,,-1.0,-1.0,-1.0,-1.0,-1.0,-1.0
141,mercenaries,2.36e-13,1,1.0,0.0,,-1.0,-1.0,-1.0,-1.0,-1.0,-1.0
142,Tiananmen Square,2.31e-13,1,1.0,0.0,1.0,-1.0,1.0,-1.0,-1.0,-1.0,-1.0
143,New Zealand,2.16e-13,1,1.0,0.0,1.0,-1.0,-1.0,-1.0,-1.0,-1.0,1.0
144,New Delhi,2.14e-13,1,1.0,0.0,1.0,-1.0,-1.0,-1.0,-1.0,1.0,-1.0
145,Muslim minority groups,4e-13,1,1.0,0.0,1.0,-1.0,-1.0,-1.0,-1.0,-1.0,-1.0
146,Aung San Suu,3.15e-13,1,1.0,0.0,1.0,-1.0,-1.0,-1.0,-1.0,-1.0,-1.0
147,San Suu Kyi,2.74e-13,1,1.0,0.0,1.0,-1.0,-1.0,-1.0,-1.0,-1.0,-1.0
148,rape,2.09e-13,1,1.0,0.0,1.0,-1.0,-1.0,-1.0,-1.0,-1.0,-1.0
149,Carrie Lam,2.08e-13,1,1.0,0.0,1.0,-1.0,-1.0,-1.0,-1.0,-1.0,-1.0
150,al Hathloul,2.03e-13,1,1.0,0.0,1.0,-1.0,-1.0,-1.0,-1.0,-1.0,-1.0
151,North Korean,2.02e-13,1,1.0,0.0,1.0,-1.0,-1.0,-1.0,-1.0,-1.0,-1.0
152,Princess Haya,1.81e-13,1,1.0,0.0,1.0,-1.0,-1.0,-1.0,-1.0,-1.0,-1.0
153,Xi Jinping,1.81e-13,1,1.0,0.0,1.0,-1.0,-1.0,-1.0,-1.0,-1.0,-1.0
154,prison,3.41e-12,1,1.0,,,-1.0,-1.0,-1.0,-1.0,-1.0,-1.0
155,detained,2.2e-12,1,1.0,,,-1.0,-1.0,-1.0,-1.0,-1.0,-1.0
156,occupied,1.28e-12,1,1.0,,,-1.0,-1.0,-1.0,-1.0,-1.0,-1.0
157,torture,9.11e-12,1,1.0,,,-1.0,-1.0,-1.0,-1.0,-1.0,-1.0
158,opposition,3.65e-12,1,1.0,,,-1.0,-1.0,-1.0,-1.0,-1.0,-1.0
159,restrictions,2.5e-12,1,1.0,,,-1.0,-1.0,-1.0,-1.0,-1.0,-1.0
160,violent,7.19e-13,1,1.0,,,-1.0,-1.0,-1.0,-1.0,-1.0,-1.0
161,sanctions,1.32e-11,1,1.0,,,-1.0,-1.0,-1.0,-1.0,-1.0,-1.0
162,slavery,9.9e-12,1,1.0,,,-1.0,-1.0,-1.0,-1.0,-1.0,-1.0
163,surveillance,4.47e-12,1,1.0,,,-1.0,-1.0,-1.0,-1.0,-1.0,-1.0
164,democratic,3.61e-12,1,1.0,,,-1.0,-1.0,-1.0,-1.0,-1.0,-1.0
165,regime,2.93e-12,1,1.0,,,-1.0,-1.0,-1.0,-1.0,-1.0,-1.0
166,womens rights,6.18e-13,1,1.0,,1.0,-1.0,-1.0,-1.0,-1.0,-1.0,1.0
167,minority groups,4.52e-13,1,1.0,,1.0,-1.0,-1.0,-1.0,-1.0,-1.0,-1.0
168,security forces,4.42e-13,1,1.0,,,-1.0,-1.0,-1.0,-1.0,-1.0,-1.0
169,ethnic minorities,4.09e-13,1,1.0,,1.0,-1.0,-1.0,-1.0,-1.0,-1.0,-1.0
170,rights groups,3.84e-13,1,1.0,,,-1.0,-1.0,-1.0,-1.0,-1.0,-1.0
171,religious freedom,3.2e-13,1,1.0,,1.0,-1.0,-1.0,-1.0,-1.0,-1.0,1.0
172,meddling,2.19e-13,1,1.0,,,-1.0,-1.0,-1.0,-1.0,-1.0,-1.0
173,security law,1.51e-11,1,0.0,,,,,,,,
174,democracy,6.61e-12,1,0.0,,,,,,,,
175,visa restrictions,4.85e-13,1,0.0,,,,,,,,
176,abuse,3.77e-13,1,0.0,,,,,,,,
177,determination,1.94e-13,1,0.0,,,,,,,,
178,rights,3.88e-10,1,0.0,,,,,,,,
179,human rights,1.41e-10,1,0.0,,,,,,,,
180,war,5.3e-11,1,0.0,,,,,,,,
181,security,2.78e-11,1,0.0,,,,,,,,
182,Hong Kongs,2.35e-11,1,0.0,,,,,,,,
183,national security,1.66e-11,1,0.0,,,,,,,,
184,religious,1.42e-11,1,0.0,,,,,,,,
185,protests,1.39e-11,1,0.0,,,,,,,,
186,national,1.38e-11,1,0.0,,,,,,,,
187,protesters,8.42e-12,1,0.0,,,,,,,,
188,state,7.57e-12,1,0.0,,,,,,,,
189,women,7.29e-12,1,0.0,,,,,,,,
190,abuses,6.07e-12,1,0.0,,,,,,,,
191,international,5.52e-12,1,0.0,,,,,,,,
192,asylum,4.06e-12,1,0.0,,,,,,,,
193,Xinjiang region,3.56e-12,1,0.0,,,,,,,,
194,Communist Party,3.4e-12,1,0.0,,,,,,,,
195,democracies,3.14e-12,1,0.0,,,,,,,,
196,extradition,2.1e-12,1,0.0,,,,,,,,
197,minorities,2.07e-12,1,0.0,,,,,,,,
198,ethnic,2.04e-12,1,0.0,,,,,,,,
199,Human Rights,1.94e-12,1,0.0,,,,,,,,
200,forced,1.87e-12,1,0.0,,,,,,,,
201,death,1.77e-12,1,0.0,,,,,,,,
202,recognition,1.66e-12,1,0.0,,,,,,,,
203,journalists,1.59e-12,1,0.0,,,,,,,,
204,laws,1.38e-12,1,0.0,,,,,,,,
205,governments,1.36e-12,1,0.0,,,,,,,,
206,freedoms,1.14e-12,1,0.0,,,,,,,,
207,Chinas Xinjiang region,8.83e-13,1,0.0,,,,,,,,
208,United States China,7.42e-13,1,0.0,,,,,,,,
209,Mr Assange,6.51e-13,1,0.0,,,,,,,,
210,Hong Kong Human,6.46e-13,1,0.0,,,,,,,,
211,Kong Human Rights,6.45e-13,1,0.0,,,,,,,,
212,Hong Kong China,6.34e-13,1,0.0,,,,,,,,
213,regimes,6.14e-13,1,0.0,,,,,,,,
214,US government,6.06e-13,1,0.0,,,,,,,,
215,new national security,4.63e-13,1,0.0,,,,,,,,
216,communist,4.53e-13,1,0.0,,,,,,,,
217,United States government,4.51e-13,1,0.0,,,,,,,,
218,States China trade,3.87e-13,1,0.0,,,,,,,,
219,Suu Kyis,3.69e-13,1,0.0,,,,,,,,
220,amnesty,3.57e-13,1,0.0,,,,,,,,
221,dictatorships,2.68e-13,1,0.0,,,,,,,,
222,security laws,2.66e-13,1,0.0,,,,,,,,
223,Mr Trump,2.53e-13,1,0.0,,,,,,,,
224,populists,2.22e-13,1,0.0,,,,,,,,
225,terrorism,7.03e-13,1,0.0,,,,,,,,
226,violations,3.15e-12,1,,,,,,,,,
227,must,1.78e-11,0,,,,,,,,,
228,entities,8.01e-12,0,,,,,,,,,
229,alleged,6.77e-12,0,,,,,,,,,
230,region,6.58e-12,0,,,,,,,,,
231,companies,5.66e-12,0,,,,,,,,,
232,last,4.89e-12,0,,,,,,,,,
233,year,4.46e-12,0,,,,,,,,,
234,city,4.34e-12,0,,,,,,,,,
235,report,3.91e-12,0,,,,,,,,,
236,party,3.72e-12,0,,,,,,,,,
237,states,3.66e-12,0,,,,,,,,,
238,right,3.65e-12,0,,,,,,,,,
239,know,3.56e-12,0,,,,,,,,,
240,court,3.47e-12,0,,,,,,,,,
241,receive,3.25e-12,0,,,,,,,,,
242,mainland,3.23e-12,0,,,,,,,,,
243,statement,3.09e-12,0,,,,,,,,,
244,address,3.03e-12,0,,,,,,,,,
245,article,2.98e-12,0,,,,,,,,,
246,think,2.88e-12,0,,,,,,,,,
247,gay,2.67e-12,0,,,,,,,,,
248,free,2.66e-12,0,,,,,,,,,
249,technology,2.61e-12,0,,,,,,,,,
250,picture,2.6e-12,0,,,,,,,,,
251,talks,2.6e-12,0,,,,,,,,,
252,group,2.32e-12,0,,,,,,,,,
253,global,2.29e-12,0,,,,,,,,,
254,big,2.04e-12,0,,,,,,,,,
255,even,2.01e-12,0,,,,,,,,,
256,saying,2e-12,0,,,,,,,,,
257,foreign,2e-12,0,,,,,,,,,
258,trade,2e-12,0,,,,,,,,,
259,pandemic,1.97e-12,0,,,,,,,,,
260,president,1.91e-12,0,,,,,,,,,
261,company,1.89e-12,0,,,,,,,,,
262,policy,1.86e-12,0,,,,,,,,,
263,commission,1.82e-12,0,,,,,,,,,
264,minority,1.78e-12,0,,,,,,,,,
265,internet,1.74e-12,0,,,,,,,,,
266,funded,1.68e-12,0,,,,,,,,,
267,family,1.67e-12,0,,,,,,,,,
268,judges,1.65e-12,0,,,,,,,,,
269,country,1.64e-12,0,,,,,,,,,
270,election,1.62e-12,0,,,,,,,,,
271,elections,1.6e-12,0,,,,,,,,,
272,comment,1.52e-12,0,,,,,,,,,
273,one,1.48e-12,0,,,,,,,,,
274,institutions,1.47e-12,0,,,,,,,,,
275,unsupported,1.39e-12,0,,,,,,,,,
276,could,1.37e-12,0,,,,,,,,,
277,used,1.37e-12,0,,,,,,,,,
278,social,1.36e-12,0,,,,,,,,,
279,charges,1.35e-12,0,,,,,,,,,
280,dont,1.3e-12,0,,,,,,,,,
281,top,1.28e-12,0,,,,,,,,,
282,public,1.21e-12,0,,,,,,,,,
283,eligible,1.15e-12,0,,,,,,,,,
284,system,1.13e-12,0,,,,,,,,,
285,wing,1.13e-12,0,,,,,,,,,
286,sex,1.11e-12,0,,,,,,,,,
287,deeper,1.11e-12,0,,,,,,,,,
288,week,1.09e-12,0,,,,,,,,,
289,cameras,1.09e-12,0,,,,,,,,,
290,allegedly,1.06e-12,0,,,,,,,,,
291,support,1.05e-12,0,,,,,,,,,
292,photo,1.04e-12,0,,,,,,,,,
293,children,1.04e-12,0,,,,,,,,,
294,conversations,1.04e-12,0,,,,,,,,,
295,device,1.04e-12,0,,,,,,,,,
296,corporate,1.04e-12,0,,,,,,,,,
297,accused,1.04e-12,0,,,,,,,,,
298,marriage,1.03e-12,0,,,,,,,,,
299,search,1.02e-12,0,,,,,,,,,
300,embassy,1.01e-12,0,,,,,,,,,
301,time,1.01e-12,0,,,,,,,,,
302,leaders,1e-12,0,,,,,,,,,
303,much,9.86e-13,0,,,,,,,,,
304,including,9.66e-13,0,,,,,,,,,
305,years,9.52e-13,0,,,,,,,,,
306,alerts,9.52e-13,0,,,,,,,,,
307,majority,9.5e-13,0,,,,,,,,,
308,order,9.36e-13,0,,,,,,,,,
309,two,8.98e-13,0,,,,,,,,,
310,campaign,8.92e-13,0,,,,,,,,,
311,virus,8.59e-13,0,,,,,,,,,
312,back,8.56e-13,0,,,,,,,,,
313,passed,8.52e-13,0,,,,,,,,,
314,release,8.36e-13,0,,,,,,,,,
315,valid,8.25e-13,0,,,,,,,,,
316,promotional,8.25e-13,0,,,,,,,,,
317,class,7.96e-13,0,,,,,,,,,
318,developments,7.89e-13,0,,,,,,,,,
319,voice,7.84e-13,0,,,,,,,,,
320,nations,7.83e-13,0,,,,,,,,,
321,happening,7.72e-13,0,,,,,,,,,
322,spam,7.71e-13,0,,,,,,,,,
323,friend,7.7e-13,0,,,,,,,,,
324,data,7.7e-13,0,,,,,,,,,
325,outbreak,7.57e-13,0,,,,,,,,,
326,month,7.51e-13,0,,,,,,,,,
327,speech,7.42e-13,0,,,,,,,,,
328,case,7.27e-13,0,,,,,,,,,
329,audience,7.24e-13,0,,,,,,,,,
330,minutes,7.2e-13,0,,,,,,,,,
331,mass,7.17e-13,0,,,,,,,,,
332,link,7.17e-13,0,,,,,,,,,
333,since,7.03e-13,0,,,,,,,,,
334,activist,6.98e-13,0,,,,,,,,,
335,get,6.97e-13,0,,,,,,,,,
336,rule,6.94e-13,0,,,,,,,,,
337,added,6.91e-13,0,,,,,,,,,
338,influence,6.86e-13,0,,,,,,,,,
339,measures,6.75e-13,0,,,,,,,,,
340,confirm,6.74e-13,0,,,,,,,,,
341,various,6.6e-13,0,,,,,,,,,
342,lawmakers,6.59e-13,0,,,,,,,,,
343,want,6.58e-13,0,,,,,,,,,
344,today,6.56e-13,0,,,,,,,,,
345,original,6.54e-13,0,,,,,,,,,
346,role,6.49e-13,0,,,,,,,,,
347,enter,6.47e-13,0,,,,,,,,,
348,box,6.36e-13,0,,,,,,,,,
349,within,6.34e-13,0,,,,,,,,,
350,need,6.33e-13,0,,,,,,,,,
351,created,6.29e-13,0,,,,,,,,,
352,men,6.28e-13,0,,,,,,,,,
353,offers,6.21e-13,0,,,,,,,,,
354,really,6.07e-13,0,,,,,,,,,
355,movement,5.93e-13,0,,,,,,,,,
356,social media,5.91e-13,0,,,,,,,,,
357,million,5.84e-13,0,,,,,,,,,
358,stock,5.77e-13,0,,,,,,,,,
359,letter,5.75e-13,0,,,,,,,,,
360,opportunities,5.7e-13,0,,,,,,,,,
361,Mehdi Hasan,5.63e-13,0,,,,,,,,,
362,pilot,5.62e-13,0,,,,,,,,,
363,check,5.6e-13,0,,,,,,,,,
364,fact,5.58e-13,0,,,,,,,,,
365,anti,5.47e-13,0,,,,,,,,,
366,wish,5.45e-13,0,,,,,,,,,
367,director,5.4e-13,0,,,,,,,,,
368,information,5.39e-13,0,,,,,,,,,
369,tech,5.39e-13,0,,,,,,,,,
370,receiving,5.34e-13,0,,,,,,,,,
371,former,5.32e-13,0,,,,,,,,,
372,signing,5.2e-13,0,,,,,,,,,
373,entered,5.18e-13,0,,,,,,,,,
374,students,5.17e-13,0,,,,,,,,,
375,called,5.1e-13,0,,,,,,,,,
376,citizens,4.92e-13,0,,,,,,,,,
377,breaking,4.83e-13,0,,,,,,,,,
378,record,4.77e-13,0,,,,,,,,,
379,work,4.73e-13,0,,,,,,,,,
380,available,4.71e-13,0,,,,,,,,,
381,trial,4.66e-13,0,,,,,,,,,
382,without,4.61e-13,0,,,,,,,,,
383,use,4.59e-13,0,,,,,,,,,
384,society,4.59e-13,0,,,,,,,,,
385,spokesperson,4.58e-13,0,,,,,,,,,
386,begin,4.53e-13,0,,,,,,,,,
387,well,4.5e-13,0,,,,,,,,,
388,towards,4.49e-13,0,,,,,,,,,
389,community,4.46e-13,0,,,,,,,,,
390,members,4.34e-13,0,,,,,,,,,
391,provide,4.31e-13,0,,,,,,,,,
392,interested,4.3e-13,0,,,,,,,,,
393,visa,4.29e-13,0,,,,,,,,,
394,justice,4.27e-13,0,,,,,,,,,
395,lines,4.13e-13,0,,,,,,,,,
396,released,4.06e-13,0,,,,,,,,,
397,development,4.04e-13,0,,,,,,,,,
398,leader,4e-13,0,,,,,,,,,
399,change,3.99e-13,0,,,,,,,,,
400,still,3.97e-13,0,,,,,,,,,
401,first,3.93e-13,0,,,,,,,,,
402,ban,3.84e-13,0,,,,,,,,,
403,crisis,3.79e-13,0,,,,,,,,,
404,old,3.78e-13,0,,,,,,,,,
405,drug,3.78e-13,0,,,,,,,,,
406,transcripts,3.76e-13,0,,,,,,,,,
407,allies,3.74e-13,0,,,,,,,,,
408,way,3.7e-13,0,,,,,,,,,
409,spokesman,3.7e-13,0,,,,,,,,,
410,users,3.69e-13,0,,,,,,,,,
411,independent,3.65e-13,0,,,,,,,,,
412,backed,3.62e-13,0,,,,,,,,,
413,land,3.62e-13,0,,,,,,,,,
414,facility,3.62e-13,0,,,,,,,,,
415,villagers,3.59e-13,0,,,,,,,,,
416,legal,3.59e-13,0,,,,,,,,,
417,residents,3.59e-13,0,,,,,,,,,
418,secretary,3.58e-13,0,,,,,,,,,
419,special,3.57e-13,0,,,,,,,,,
420,bin,3.57e-13,0,,,,,,,,,
421,things,3.57e-13,0,,,,,,,,,
422,charge,3.56e-13,0,,,,,,,,,
423,list,3.55e-13,0,,,,,,,,,
424,using,3.46e-13,0,,,,,,,,,
425,example,3.44e-13,0,,,,,,,,,
426,toward,3.43e-13,0,,,,,,,,,
427,lawyer,3.42e-13,0,,,,,,,,,
428,lawyers,3.42e-13,0,,,,,,,,,
429,friends,3.42e-13,0,,,,,,,,,
430,months,3.41e-13,0,,,,,,,,,
431,might,3.39e-13,0,,,,,,,,,
432,poll,3.38e-13,0,,,,,,,,,
433,independence,3.35e-13,0,,,,,,,,,
434,sent,3.34e-13,0,,,,,,,,,
435,platforms,3.3e-13,0,,,,,,,,,
436,faith,3.29e-13,0,,,,,,,,,
437,funding,3.27e-13,0,,,,,,,,,
438,cases,3.25e-13,0,,,,,,,,,
439,medical,3.22e-13,0,,,,,,,,,
440,availability,3.21e-13,0,,,,,,,,,
441,actions,3.18e-13,0,,,,,,,,,
442,vary,3.1e-13,0,,,,,,,,,
443,policies,3.09e-13,0,,,,,,,,,
444,systems,3.09e-13,0,,,,,,,,,
445,domestic,3.05e-13,0,,,,,,,,,
446,investigation,3.05e-13,0,,,,,,,,,
447,popular,3.04e-13,0,,,,,,,,,
448,end,3.02e-13,0,,,,,,,,,
449,search engine,3.02e-13,0,,,,,,,,,
450,agents,2.96e-13,0,,,,,,,,,
451,make,2.94e-13,0,,,,,,,,,
452,powers,2.94e-13,0,,,,,,,,,
453,interests,2.93e-13,0,,,,,,,,,
454,far,2.91e-13,0,,,,,,,,,
455,control,2.89e-13,0,,,,,,,,,
456,federal,2.88e-13,0,,,,,,,,,
457,denied,2.86e-13,0,,,,,,,,,
458,minister,2.83e-13,0,,,,,,,,,
459,visit,2.82e-13,0,,,,,,,,,
460,met,2.8e-13,0,,,,,,,,,
461,vote,2.78e-13,0,,,,,,,,,
462,non,2.73e-13,0,,,,,,,,,
463,home,2.73e-13,0,,,,,,,,,
464,nation,2.72e-13,0,,,,,,,,,
465,arrest,2.7e-13,0,,,,,,,,,
466,become,2.69e-13,0,,,,,,,,,
467,products,2.68e-13,0,,,,,,,,,
468,hearing,2.68e-13,0,,,,,,,,,
469,parliament,2.66e-13,0,,,,,,,,,
470,capital,2.66e-13,0,,,,,,,,,
471,long,2.65e-13,0,,,,,,,,,
472,documents,2.6e-13,0,,,,,,,,,
473,programming,2.59e-13,0,,,,,,,,,
474,mother,2.56e-13,0,,,,,,,,,
475,phone,2.54e-13,0,,,,,,,,,
476,contractor,2.5e-13,0,,,,,,,,,
477,video,2.49e-13,0,,,,,,,,,
478,see,2.49e-13,0,,,,,,,,,
479,large,2.48e-13,0,,,,,,,,,
480,less,2.46e-13,0,,,,,,,,,
481,situation,2.45e-13,0,,,,,,,,,
482,go,2.44e-13,0,,,,,,,,,
483,press,2.43e-13,0,,,,,,,,,
484,continued,2.43e-13,0,,,,,,,,,
485,block,2.42e-13,0,,,,,,,,,
486,local,2.42e-13,0,,,,,,,,,
487,help,2.41e-13,0,,,,,,,,,
488,courts,2.41e-13,0,,,,,,,,,
489,every,2.41e-13,0,,,,,,,,,
490,though,2.4e-13,0,,,,,,,,,
491,current,2.4e-13,0,,,,,,,,,
492,parties,2.37e-13,0,,,,,,,,,
493,plan,2.35e-13,0,,,,,,,,,
494,billionaires,2.34e-13,0,,,,,,,,,
495,liberty,2.29e-13,0,,,,,,,,,
496,rush,2.28e-13,0,,,,,,,,,
497,around,2.27e-13,0,,,,,,,,,
498,never,2.23e-13,0,,,,,,,,,
499,resolution,2.18e-13,0,,,,,,,,,
500,killed,2.14e-13,0,,,,,,,,,
501,troops,2.14e-13,0,,,,,,,,,
502,especially,2.13e-13,0,,,,,,,,,
503,New York,2.13e-13,0,,,,,,,,,
504,politics,2.12e-13,0,,,,,,,,,
505,process,2.12e-13,0,,,,,,,,,
506,needs,2.11e-13,0,,,,,,,,,
507,oil,2.11e-13,0,,,,,,,,,
508,led,2.07e-13,0,,,,,,,,,
509,page,2.04e-13,0,,,,,,,,,
510,several,1.98e-13,0,,,,,,,,,
511,published,1.91e-13,0,,,,,,,,,
512,armed,1.9e-13,0,,,,,,,,,
513,assessment,3.62e-13,0,,,,,,,,,
514,State Mike Pompeo,3.08e-13,0,,,,,,,,,
515,ordering,3.05e-13,0,,,,,,,,,
516,action,2.95e-13,0,,,,,,,,,
517,complicate,2.77e-13,0,,,,,,,,,
518,United States policy,2.73e-13,0,,,,,,,,,
519,named,2.7e-13,0,,,,,,,,,
520,western China,2.7e-13,0,,,,,,,,,
521,response,2.69e-13,0,,,,,,,,,
522,treatment,2.64e-13,0,,,,,,,,,
523,Mr Pompeo,2.63e-13,0,,,,,,,,,
524,warned,2.61e-13,0,,,,,,,,,
525,semi autonomous,2.6e-13,0,,,,,,,,,
526,seen,2.58e-13,0,,,,,,,,,
527,Kong Policy Act,2.57e-13,0,,,,,,,,,
528,western,2.55e-13,0,,,,,,,,,
529,put,2.52e-13,0,,,,,,,,,
530,Hong Kong Policy,2.52e-13,0,,,,,,,,,
531,pro democracy protesters,2.51e-13,0,,,,,,,,,
532,HONG KONG,2.5e-13,0,,,,,,,,,
533,announced,2.5e-13,0,,,,,,,,,
534,move,2.5e-13,0,,,,,,,,,
535,meet,2.49e-13,0,,,,,,,,,
536,potential,2.49e-13,0,,,,,,,,,
537,watch,2.47e-13,0,,,,,,,,,
538,panel,2.43e-13,0,,,,,,,,,
539,autonomous,2.4e-13,0,,,,,,,,,
540,convicted,2.4e-13,0,,,,,,,,,
541,imposed,2.36e-13,0,,,,,,,,,
542,Policy Act,2.31e-13,0,,,,,,,,,
543,previously,2.3e-13,0,,,,,,,,,
544,judicial,2.29e-13,0,,,,,,,,,
545,wife,2.24e-13,0,,,,,,,,,
546,health,2.24e-13,0,,,,,,,,,
547,policy toward,2.23e-13,0,,,,,,,,,
548,sanction,2.23e-13,0,,,,,,,,,
549,values,2.22e-13,0,,,,,,,,,
550,complicity,2.22e-13,0,,,,,,,,,
551,took,2.21e-13,0,,,,,,,,,
552,national security legislation,2.2e-13,0,,,,,,,,,
553,detailing,2.2e-13,0,,,,,,,,,
554,deadline,2.18e-13,0,,,,,,,,,
555,decision,2.16e-13,0,,,,,,,,,
556,reaffirms,2.16e-13,0,,,,,,,,,
557,among,2.15e-13,0,,,,,,,,,
558,office,2.15e-13,0,,,,,,,,,
559,experts,2.14e-13,0,,,,,,,,,
560,demonstrators,2.14e-13,0,,,,,,,,,
561,administrations,2.14e-13,0,,,,,,,,,
562,transnational,2.14e-13,0,,,,,,,,,
563,Human Rights Council,2.13e-13,0,,,,,,,,,
564,alleged human rights,2.13e-13,0,,,,,,,,,
565,recent,2.12e-13,0,,,,,,,,,
566,ruling,2.1e-13,0,,,,,,,,,
567,soldiers,2.08e-13,0,,,,,,,,,
568,reservations,2.07e-13,0,,,,,,,,,
569,held,2.07e-13,0,,,,,,,,,
570,critics,2.06e-13,0,,,,,,,,,
571,three,2.06e-13,0,,,,,,,,,
572,accounts,2.04e-13,0,,,,,,,,,
573,consulate,2.04e-13,0,,,,,,,,,
574,States Hong Kong,2.03e-13,0,,,,,,,,,
575,ties,2.01e-13,0,,,,,,,,,
576,arms,2.01e-13,0,,,,,,,,,
577,often,2.01e-13,0,,,,,,,,,
578,country two systems,2.01e-13,0,,,,,,,,,
579,hate,1.98e-13,0,,,,,,,,,
580,United States Hong,1.97e-13,0,,,,,,,,,
581,one country two,1.96e-13,0,,,,,,,,,
582,earlier,1.95e-13,0,,,,,,,,,
583,Human Rights Watch,1.95e-13,0,,,,,,,,,
584,due,1.95e-13,0,,,,,,,,,
585,project,1.94e-13,0,,,,,,,,,
586,toward Hong Kong,1.93e-13,0,,,,,,,,,
587,broader,1.93e-13,0,,,,,,,,,
588,allegations,1.92e-13,0,,,,,,,,,
589,young,1.92e-13,0,,,,,,,,,
590,father,1.92e-13,0,,,,,,,,,
591,rally,1.91e-13,0,,,,,,,,,
592,presidential,1.91e-13,0,,,,,,,,,
593,woman,1.9e-13,0,,,,,,,,,
594,author,1.89e-13,0,,,,,,,,,
595,bail,1.89e-13,0,,,,,,,,,
596,persecution,1.88e-13,0,,,,,,,,,
597,lives,1.88e-13,0,,,,,,,,,
598,New York Times,1.87e-13,0,,,,,,,,,
599,bring,1.87e-13,0,,,,,,,,,
600,claims,1.87e-13,0,,,,,,,,,
601,jail,1.86e-13,0,,,,,,,,,
602,something,1.86e-13,0,,,,,,,,,
603,council,1.85e-13,0,,,,,,,,,
604,taking,1.84e-13,0,,,,,,,,,
605,great,1.84e-13,0,,,,,,,,,
606,growth,1.84e-13,0,,,,,,,,,
607,revised,1.82e-13,0,,,,,,,,,
608,business,1.82e-13,0,,,,,,,,,
609,interference,1.81e-13,0,,,,,,,,,
610,important,1.8e-13,0,,,,,,,,,
611,updated,1.79e-13,0,,,,,,,,,
612,following,1.79e-13,0,,,,,,,,,
613,peaceful,1.77e-13,0,,,,,,,,,
614,risk,1.77e-13,0,,,,,,,,,
615,sweeping,1.76e-13,0,,,,,,,,,
616,ministry,1.76e-13,0,,,,,,,,,
617,the US,1.75e-10,0,,,,,,,,,
618,the United States,1.09e-10,0,,,,,,,,,
619,in Hong Kong,2.03e-11,0,,,,,,,,,
620,news and,8.73e-12,0,,,,,,,,,
621,the UK,8.22e-12,0,,,,,,,,,
622,according to,7.97e-12,0,,,,,,,,,
623,this story,7.82e-12,0,,,,,,,,,
624,The news,7.42e-12,0,,,,,,,,,
625,in the,6.14e-12,0,,,,,,,,,
626,is protected,5.77e-12,0,,,,,,,,,
627,and the,5.6e-12,0,,,,,,,,,
628,ADVERTISEMENT The,5.46e-12,0,,,,,,,,,
629,Editing by,5.24e-12,0,,,,,,,,,
630,Read more,5.07e-12,0,,,,,,,,,
631,must be,4.69e-12,0,,,,,,,,,
632,by the,4.52e-12,0,,,,,,,,,
633,the law,4.52e-12,0,,,,,,,,,
634,to receive,4.51e-12,0,,,,,,,,,
635,the Afghan,4.43e-12,0,,,,,,,,,
636,The United States,4.37e-12,0,,,,,,,,,
637,in Xinjiang,4.05e-12,0,,,,,,,,,
638,the coronavirus,3.35e-12,0,,,,,,,,,
639,The Intercept,3.11e-12,0,,,,,,,,,
640,protected by,3.04e-12,0,,,,,,,,,
641,Reporting by,2.93e-12,0,,,,,,,,,
642,such as,2.53e-12,0,,,,,,,,,
643,WASHINGTON The,2.46e-12,0,,,,,,,,,
644,the citys,2.46e-12,0,,,,,,,,,
645,torture of,2.43e-12,0,,,,,,,,,
646,to the,2.33e-12,0,,,,,,,,,
647,and free,2.32e-12,0,,,,,,,,,
648,the city,2.25e-12,0,,,,,,,,,
649,in Chinas,2.09e-12,0,,,,,,,,,
650,and other,2.01e-12,0,,,,,,,,,
651,The Daily,1.9e-12,0,,,,,,,,,
652,your inbox,1.87e-12,0,,,,,,,,,
653,in Afghanistan,1.87e-12,0,,,,,,,,,
654,had been,1.87e-12,0,,,,,,,,,
655,is a,1.86e-12,0,,,,,,,,,
656,in China,1.8e-12,0,,,,,,,,,
657,the new,1.79e-12,0,,,,,,,,,
658,the West,1.79e-12,0,,,,,,,,,
659,as of,1.79e-12,0,,,,,,,,,
660,the CCP,1.69e-12,0,,,,,,,,,
661,Act of,1.63e-12,0,,,,,,,,,
662,the government,1.61e-12,0,,,,,,,,,
663,It is,1.56e-12,0,,,,,,,,,
664,the world,1.55e-12,0,,,,,,,,,
665,on Monday,1.54e-12,0,,,,,,,,,
666,in a,1.53e-12,0,,,,,,,,,
667,officials and,1.47e-12,0,,,,,,,,,
668,in Venezuela,1.44e-12,0,,,,,,,,,
669,you know,1.43e-12,0,,,,,,,,,
670,that the,1.41e-12,0,,,,,,,,,
671,Hong Kong and,1.39e-12,0,,,,,,,,,
672,the military,1.35e-12,0,,,,,,,,,
673,the detention,1.25e-12,0,,,,,,,,,
674,it with a,1.2e-12,0,,,,,,,,,
675,on your,1.2e-12,0,,,,,,,,,
676,that matters,1.19e-12,0,,,,,,,,,
677,he was,1.18e-12,0,,,,,,,,,
678,is the,1.18e-12,0,,,,,,,,,
679,to be,1.14e-12,0,,,,,,,,,
680,the countrys,1.14e-12,0,,,,,,,,,
681,during a,1.14e-12,0,,,,,,,,,
682,with the,1.09e-12,0,,,,,,,,,
683,a friend,1.07e-12,0,,,,,,,,,
684,is available,1.05e-12,0,,,,,,,,,
685,If you dont,1.05e-12,0,,,,,,,,,
686,and violent,1.04e-12,0,,,,,,,,,
687,I think,1.04e-12,0,,,,,,,,,
688,it says,1.04e-12,0,,,,,,,,,
689,on Tuesday,1.03e-12,0,,,,,,,,,
690,Thank you,1.01e-12,0,,,,,,,,,
691,if you,1e-12,0,,,,,,,,,
692,In this,1e-12,0,,,,,,,,,
693,This article is,1e-12,0,,,,,,,,,
694,in Chinas Xinjiang,1e-12,0,,,,,,,,,
695,and special,9.77e-13,0,,,,,,,,,
696,enter a,9.65e-13,0,,,,,,,,,
697,agreeing to,9.63e-13,0,,,,,,,,,
698,you dont,9.62e-13,0,,,,,,,,,
699,happening now,9.4e-13,0,,,,,,,,,
700,not wish to,9.35e-13,0,,,,,,,,,
701,charge to,9.28e-13,0,,,,,,,,,
702,the country,9.2e-13,0,,,,,,,,,
703,a statement,9.15e-13,0,,,,,,,,,
704,says is,9.11e-13,0,,,,,,,,,
705,at any time,9.06e-13,0,,,,,,,,,
706,the legislation,9.02e-13,0,,,,,,,,,
707,the UN,8.97e-13,0,,,,,,,,,
708,link to,8.92e-13,0,,,,,,,,,
709,is more than,8.88e-13,0,,,,,,,,,
710,can provide a,8.8e-13,0,,,,,,,,,
711,be interested,8.58e-13,0,,,,,,,,,
712,provide a,8.5e-13,0,,,,,,,,,
713,if you do,8.43e-13,0,,,,,,,,,
714,are happening,8.42e-13,0,,,,,,,,,
715,at any,8.3e-13,0,,,,,,,,,
716,email to,8.16e-13,0,,,,,,,,,
717,to confirm,8.12e-13,0,,,,,,,,,
718,wish to,8.11e-13,0,,,,,,,,,
719,Sign up,8.04e-13,0,,,,,,,,,
720,United States and,8.01e-13,0,,,,,,,,,
721,you do,7.97e-13,0,,,,,,,,,
722,and begin,7.92e-13,0,,,,,,,,,
723,your voice,7.8e-13,0,,,,,,,,,
724,has been,7.77e-13,0,,,,,,,,,
725,signing up,7.67e-13,0,,,,,,,,,
726,by The,7.61e-13,0,,,,,,,,,
727,email from,7.55e-13,0,,,,,,,,,
728,the box,7.51e-13,0,,,,,,,,,
729,of our,7.45e-13,0,,,,,,,,,
730,you are,7.37e-13,0,,,,,,,,,
731,terrorist and,7.36e-13,0,,,,,,,,,
732,created by,7.24e-13,0,,,,,,,,,
733,the Hong Kong,7.11e-13,0,,,,,,,,,
734,for the,7.1e-13,0,,,,,,,,,
735,in a statement,7.07e-13,0,,,,,,,,,
736,it with,7.07e-13,0,,,,,,,,,
737,you need to,7.01e-13,0,,,,,,,,,
738,a government,6.99e-13,0,,,,,,,,,
739,If you,6.93e-13,0,,,,,,,,,
740,need to know,6.85e-13,0,,,,,,,,,
741,You can,6.67e-13,0,,,,,,,,,
742,to the US,6.64e-13,0,,,,,,,,,
743,This is,6.63e-13,0,,,,,,,,,
744,get the,6.55e-13,0,,,,,,,,,
745,and Democracy Act,6.5e-13,0,,,,,,,,,
746,on August,6.34e-13,0,,,,,,,,,
747,detention and,6.34e-13,0,,,,,,,,,
748,off with,6.29e-13,0,,,,,,,,,
749,that matter,6.17e-13,0,,,,,,,,,
750,on Wednesday,6.12e-13,0,,,,,,,,,
751,in the United,6.11e-13,0,,,,,,,,,
752,back in,6.02e-13,0,,,,,,,,,
753,with a,5.97e-13,0,,,,,,,,,
754,in Beijing,5.95e-13,0,,,,,,,,,
755,do not,5.95e-13,0,,,,,,,,,
756,for more,5.94e-13,0,,,,,,,,,
757,for comment,5.91e-13,0,,,,,,,,,
758,more than,5.9e-13,0,,,,,,,,,
759,Human Rights and,5.89e-13,0,,,,,,,,,
760,it is,5.86e-13,0,,,,,,,,,
761,the Saudi,5.8e-13,0,,,,,,,,,
762,sent a,5.73e-13,0,,,,,,,,,
763,the state,5.7e-13,0,,,,,,,,,
764,would be,5.65e-13,0,,,,,,,,,
765,from the,5.65e-13,0,,,,,,,,,
766,the protests,5.61e-13,0,,,,,,,,,
767,she was,5.58e-13,0,,,,,,,,,
768,The US,5.44e-13,0,,,,,,,,,
769,on the,5.37e-13,0,,,,,,,,,
770,the Commerce Department,5.36e-13,0,,,,,,,,,
771,have been,5.35e-13,0,,,,,,,,,
772,the Trump,5.31e-13,0,,,,,,,,,
773,and human rights,5.28e-13,0,,,,,,,,,
774,to our,5.27e-13,0,,,,,,,,,
775,China has,5.2e-13,0,,,,,,,,,
776,to the United,5.17e-13,0,,,,,,,,,
777,to any,5.13e-13,0,,,,,,,,,
778,that can,5.11e-13,0,,,,,,,,,
779,to receive the,5.06e-13,0,,,,,,,,,
780,READ MORE,4.87e-13,0,,,,,,,,,
781,survival of our,4.87e-13,0,,,,,,,,,
782,Get our,4.85e-13,0,,,,,,,,,
783,our democracy,4.84e-13,0,,,,,,,,,
784,the party,4.83e-13,0,,,,,,,,,
785,did not,4.82e-13,0,,,,,,,,,
786,at the,4.82e-13,0,,,,,,,,,
787,the US and,4.82e-13,0,,,,,,,,,
788,as the,4.79e-13,0,,,,,,,,,
789,among other things,4.79e-13,0,,,,,,,,,
790,a large,4.68e-13,0,,,,,,,,,
791,to the survival,4.67e-13,0,,,,,,,,,
792,assessment of,4.57e-13,0,,,,,,,,,
793,the Venezuelan,4.55e-13,0,,,,,,,,,
794,with China,4.53e-13,0,,,,,,,,,
795,the new law,4.49e-13,0,,,,,,,,,
796,of US,4.47e-13,0,,,,,,,,,
797,the people,4.38e-13,0,,,,,,,,,
798,of our democracy,4.35e-13,0,,,,,,,,,
799,for Democracy,4.32e-13,0,,,,,,,,,
800,the national security,4.3e-13,0,,,,,,,,,
801,and its,4.24e-13,0,,,,,,,,,
802,sanctions on,4.23e-13,0,,,,,,,,,
803,not be in,4.2e-13,0,,,,,,,,,
804,support our,4.16e-13,0,,,,,,,,,
805,other things,4.15e-13,0,,,,,,,,,
806,is a government,4.14e-13,0,,,,,,,,,
807,further information,4.12e-13,0,,,,,,,,,
808,among other,4.1e-13,0,,,,,,,,,
809,the region,4.09e-13,0,,,,,,,,,
810,the police,4.01e-13,0,,,,,,,,,
811,and produced,3.99e-13,0,,,,,,,,,
812,is not,3.99e-13,0,,,,,,,,,
813,the national,3.98e-13,0,,,,,,,,,
814,to know,3.94e-13,0,,,,,,,,,
815,the report,3.91e-13,0,,,,,,,,,
816,right to,3.87e-13,0,,,,,,,,,
817,on Thursday,3.87e-13,0,,,,,,,,,
818,the survival of,3.86e-13,0,,,,,,,,,
819,created on,3.82e-13,0,,,,,,,,,
820,need to,3.82e-13,0,,,,,,,,,
821,companies that,3.81e-13,0,,,,,,,,,
822,assessment of the,3.78e-13,0,,,,,,,,,
823,developed with,3.75e-13,0,,,,,,,,,
824,in the Xinjiang,3.73e-13,0,,,,,,,,,
825,the coup,3.72e-13,0,,,,,,,,,
826,the CIA,3.7e-13,0,,,,,,,,,
827,the State,3.68e-13,0,,,,,,,,,
828,the audio,3.67e-13,0,,,,,,,,,
829,is essential to,3.67e-13,0,,,,,,,,,
830,the European,3.65e-13,0,,,,,,,,,
831,other ethnic,3.59e-13,0,,,,,,,,,
832,the Xinjiang,3.54e-13,0,,,,,,,,,
833,linked to,3.53e-13,0,,,,,,,,,
834,delivered to,3.53e-13,0,,,,,,,,,
835,the EU,3.51e-13,0,,,,,,,,,
836,the Iranian,3.47e-13,0,,,,,,,,,
837,the top,3.46e-13,0,,,,,,,,,
838,he says,3.46e-13,0,,,,,,,,,
839,In the,3.43e-13,0,,,,,,,,,
840,of Venezuela,3.42e-13,0,,,,,,,,,
841,in Yemen,3.42e-13,0,,,,,,,,,
842,the mainland,3.39e-13,0,,,,,,,,,
843,government that,3.39e-13,0,,,,,,,,,
844,a bill,3.32e-13,0,,,,,,,,,
845,of this,3.31e-13,0,,,,,,,,,
846,campaign of,3.29e-13,0,,,,,,,,,
847,the UAE,3.29e-13,0,,,,,,,,,
848,its final,3.29e-13,0,,,,,,,,,
849,to China,3.28e-13,0,,,,,,,,,
850,ever to,3.27e-13,0,,,,,,,,,
851,the virus,3.25e-13,0,,,,,,,,,
852,alleged torture of,3.24e-13,0,,,,,,,,,
853,freedom of,3.21e-13,0,,,,,,,,,
854,rape and,3.2e-13,0,,,,,,,,,
855,the commission,3.18e-13,0,,,,,,,,,
856,they were,3.17e-13,0,,,,,,,,,
857,essential to the,3.17e-13,0,,,,,,,,,
858,the BBC,3.16e-13,0,,,,,,,,,
859,the worlds,3.16e-13,0,,,,,,,,,
860,Between the,3.13e-13,0,,,,,,,,,
861,designed to,3.12e-13,0,,,,,,,,,
862,it the,3.12e-13,0,,,,,,,,,
863,of State Mike,3.07e-13,0,,,,,,,,,
864,the group,3.06e-13,0,,,,,,,,,
865,Muslims in,3.06e-13,0,,,,,,,,,
866,rights of,3.05e-13,0,,,,,,,,,
867,torture and,3.04e-13,0,,,,,,,,,
868,and other ethnic,3.01e-13,0,,,,,,,,,
869,form and,3.01e-13,0,,,,,,,,,
870,use and,2.99e-13,0,,,,,,,,,
871,the Constitution,2.99e-13,0,,,,,,,,,
872,the war,2.97e-13,0,,,,,,,,,
873,I was,2.94e-13,0,,,,,,,,,
874,and may be,2.94e-13,0,,,,,,,,,
875,other ethnic minorities,2.93e-13,0,,,,,,,,,
876,of China,2.92e-13,0,,,,,,,,,
877,the Honduran,2.91e-13,0,,,,,,,,,
878,on Twitter,2.9e-13,0,,,,,,,,,
879,the pandemic,2.89e-13,0,,,,,,,,,
880,in prison,2.89e-13,0,,,,,,,,,
881,percent of,2.88e-13,0,,,,,,,,,
882,to watch,2.88e-13,0,,,,,,,,,
883,cant do,2.87e-13,0,,,,,,,,,
884,the lines,2.87e-13,0,,,,,,,,,
885,Is it,2.86e-13,0,,,,,,,,,
886,of the United,2.84e-13,0,,,,,,,,,
887,The Hong Kong,2.84e-13,0,,,,,,,,,
888,contributed to this,2.83e-13,0,,,,,,,,,
889,of its,2.82e-13,0,,,,,,,,,
890,of their,2.81e-13,0,,,,,,,,,
891,up to,2.8e-13,0,,,,,,,,,
892,of Uighurs,2.78e-13,0,,,,,,,,,
893,minorities in,2.77e-13,0,,,,,,,,,
894,Hong Kong on,2.77e-13,0,,,,,,,,,
895,a government that,2.75e-13,0,,,,,,,,,
896,our best,2.74e-13,0,,,,,,,,,
897,potential to,2.71e-13,0,,,,,,,,,
898,to your,2.7e-13,0,,,,,,,,,
899,of Kashmir,2.7e-13,0,,,,,,,,,
900,protesters in Hong,2.7e-13,0,,,,,,,,,
901,right now,2.68e-13,0,,,,,,,,,
902,against the,2.66e-13,0,,,,,,,,,
903,for Hong Kong,2.64e-13,0,,,,,,,,,
904,Assange is,2.62e-13,0,,,,,,,,,
905,of the political,2.61e-13,0,,,,,,,,,
906,in Minsk,2.6e-13,0,,,,,,,,,
907,the company,2.6e-13,0,,,,,,,,,
908,not be,2.57e-13,0,,,,,,,,,
909,The Trump administration,2.56e-13,0,,,,,,,,,
910,the American,2.55e-13,0,,,,,,,,,
911,to Hong Kong,2.54e-13,0,,,,,,,,,
912,China and,2.54e-13,0,,,,,,,,,
913,complicity in,2.54e-13,0,,,,,,,,,
914,Secretary of State,2.53e-13,0,,,,,,,,,
915,because of its,2.53e-13,0,,,,,,,,,
916,of these,2.52e-13,0,,,,,,,,,
917,with pro,2.51e-13,0,,,,,,,,,
918,a United States,2.5e-13,0,,,,,,,,,
919,that is,2.48e-13,0,,,,,,,,,
920,a new,2.47e-13,0,,,,,,,,,
921,as well as,2.45e-13,0,,,,,,,,,
922,to your inbox,2.45e-13,0,,,,,,,,,
923,The government,2.43e-13,0,,,,,,,,,
924,of Chinas,2.43e-13,0,,,,,,,,,
925,is now,2.43e-13,0,,,,,,,,,
926,signed a,2.41e-13,0,,,,,,,,,
927,journalists are,2.41e-13,0,,,,,,,,,
928,the s,2.4e-13,0,,,,,,,,,
929,and death,2.4e-13,0,,,,,,,,,
930,of a,2.39e-13,0,,,,,,,,,
931,China is,2.39e-13,0,,,,,,,,,
932,us at,2.38e-13,0,,,,,,,,,
933,human rights in,2.37e-13,0,,,,,,,,,
934,rights violations in,2.37e-13,0,,,,,,,,,
935,in Myanmar,2.36e-13,0,,,,,,,,,
936,is more,2.35e-13,0,,,,,,,,,
937,This is a,2.32e-13,0,,,,,,,,,
938,with pro democracy,2.32e-13,0,,,,,,,,,
939,the detention and,2.31e-13,0,,,,,,,,,
940,respond to,2.31e-13,0,,,,,,,,,
941,the State Department,2.27e-13,0,,,,,,,,,
942,role in,2.26e-13,0,,,,,,,,,
943,according to the,2.25e-13,0,,,,,,,,,
944,solidarity with,2.25e-13,0,,,,,,,,,
945,people of,2.25e-13,0,,,,,,,,,
946,a bipartisan,2.24e-13,0,,,,,,,,,
947,crackdown on,2.22e-13,0,,,,,,,,,
948,the most,2.21e-13,0,,,,,,,,,
949,in the US,2.2e-13,0,,,,,,,,,
950,had been arrested,2.2e-13,0,,,,,,,,,
951,to this report,2.19e-13,0,,,,,,,,,
952,used to,2.16e-13,0,,,,,,,,,
953,pursuing,2.16e-13,0,,,,,,,,,
954,are created,2.15e-13,0,,,,,,,,,
955,the rights,2.15e-13,0,,,,,,,,,
956,Trump signed,2.14e-13,0,,,,,,,,,
957,as a,2.12e-13,0,,,,,,,,,
958,the international,2.12e-13,0,,,,,,,,,
959,of war,2.11e-13,0,,,,,,,,,
960,Policy Act of,2.11e-13,0,,,,,,,,,
961,the women,2.1e-13,0,,,,,,,,,
962,with foreign,2.09e-13,0,,,,,,,,,
963,investigating,2.07e-13,0,,,,,,,,,
964,of human rights,2.06e-13,0,,,,,,,,,
965,signed,2.05e-13,0,,,,,,,,,
966,the bill,2.05e-13,0,,,,,,,,,
967,bill that,2.05e-13,0,,,,,,,,,
968,rights and,2.03e-13,0,,,,,,,,,
969,about the,2.02e-13,0,,,,,,,,,
970,Assange was,2.01e-13,0,,,,,,,,,
971,the embassy,2.01e-13,0,,,,,,,,,
972,the Western,1.94e-13,0,,,,,,,,,
973,going to,1.94e-13,0,,,,,,,,,
974,the NBA,1.92e-13,0,,,,,,,,,
975,The Associated Press,1.92e-13,0,,,,,,,,,
976,protesters in,1.91e-13,0,,,,,,,,,
977,murder of,1.9e-13,0,,,,,,,,,
978,contributed to,1.89e-13,0,,,,,,,,,
979,expressing,1.89e-13,0,,,,,,,,,
980,President Trump signed,1.89e-13,0,,,,,,,,,
981,country that,1.87e-13,0,,,,,,,,,
982,up as,1.87e-13,0,,,,,,,,,
983,King Salman,1.87e-13,0,,,,,,,,,
984,detention of,1.86e-13,0,,,,,,,,,
985,in Kashmir,1.86e-13,0,,,,,,,,,
986,of Assange,1.86e-13,0,,,,,,,,,
987,women and,1.85e-13,0,,,,,,,,,
988,for further,1.85e-13,0,,,,,,,,,
989,peace and,1.84e-13,0,,,,,,,,,
990,after a,1.84e-13,0,,,,,,,,,
991,are working,1.83e-13,0,,,,,,,,,
992,the rights of,1.81e-13,0,,,,,,,,,
993,bipartisan,1.8e-13,0,,,,,,,,,
994,that he,1.79e-13,0,,,,,,,,,
995,of his,1.78e-13,0,,,,,,,,,
996,Democracy Act of,1.77e-13,0,,,,,,,,,
997,on Friday,1.77e-13,0,,,,,,,,,
998,that China,1.76e-13,0,,,,,,,,,
999,is pursuing,1.75e-13,0,,,,,,,,,
