PHRASE,COUNT,ON_TOPIC,UNIQUE,SPECIFIC
asylum seekers,12620,1,1,1
caravan,7158,1,1,1
deportation,11021,1,1,1
deported,8049,1,1,1
detained,8078,1,1,1
foreign born,786,1,1,1
illegal aliens,3288,1,1,1
illegal immigrants,5111,1,1,1
illegal immigration,4525,1,1,1
immigration policy,3233,1,1,1
immigration status,1672,1,1,1
undocumented immigrants,5963,1,1,1
coyotes,316,1,1,1
migrant,11402,1,1,1
separation,5519,1,1,1
detention center,2196,1,1,1
citizenship question,763,1,1,1
Border Patrol,9635,1,1,0
immigrant rights,1076,1,1,0
legal immigrants,1058,1,1,0
border,67716,1,1,0
H B,2302,1,1,0
administration,32444,1,1,0
parents,19212,1,1,0
family,22791,1,1,0
Hong Kong,602,1,1,0
court,17171,1,1,0
companies,2509,1,1,0
government,28170,1,1,0
security,10478,1,1,0
federal,19688,1,1,0
police,6412,1,1,0
child,9024,1,1,0
legal,19125,1,1,0
military,4649,1,1,0
Silicon Valley,269,1,1,0
regime,867,1,1,0
census,2004,1,1,0
United Nations,1313,1,1,0
law enforcement,4285,1,1,0
camp,2745,1,1,0
dream,920,1,1,0
relief,2043,1,1,0
technology,1090,1,1,0
amnesty,2168,1,1,0
dignity,696,1,1,0
United States immigration,1928,1,1,0
immigration attorney,627,1,1,0
lottery,847,1,1,0
opportunities,2053,1,1,0
authorities,6736,1,1,0
southern border,7027,1,1,0
kids,6300,1,1,0
Donald Trump,7126,1,1,0
qualified,523,1,1,0
facilities,7381,1,1,0
studying,288,1,1,0
shelter,3927,1,1,0
racist,2884,1,1,0
cultural,936,1,1,0
DACA recipients,2062,1,1,0
Palestinian refugees,263,1,1,0
workers,12295,1,1,0
wall,11555,1,1,0
working,7862,1,1,0
violence,8014,1,1,0
workforce,904,1,1,0
war,3917,1,1,0
border security,3370,1,1,0
border wall,3623,1,1,0
displaced,1057,1,1,0
family separation,2651,1,1,0
Illegal Immigrants,178,1,1,0
migration,6180,1,1,0
native born,866,1,1,0
resettlement,1690,1,1,0
Sanctuary Cities,175,1,1,0
young immigrants,698,1,1,0
green card,1980,1,1,0
refugee,8127,1,1,0
separated,8901,1,1,0
United States citizen,1260,1,1,0
human rights,2793,1,1,0
El Paso,5202,1,1,0
deportees,742,1,0,
detainees,5007,1,0,
migrant children,2677,1,0,
immigrant,18320,1,0,
enforcement,10662,1,0,
Homeland Security,9493,1,0,
citizen,3889,1,0,
alien,2308,1,0,
children,48170,1,0,
illegal,21207,1,0,
migrants,30705,1,0,
immigrants,45085,1,0,
refugees,14242,1,0,
immigration,73591,1,0,
families,25137,1,0,
asylum,42100,1,0,
visa,6914,1,0,
visas,5485,1,0,
green,4249,1,0,
undocumented,12107,1,0,
foreign,6843,1,0,
aliens,5683,1,0,
Mr Trump,1524,1,0,
rights,10745,1,0,
illegally,10347,1,0,
human,7174,1,0,
citizens,8729,1,0,
borders,5088,1,0,
H B visas,524,1,0,
camps,3035,1,0,
green cards,1904,1,0,
President Donald Trump,4447,1,0,
dreams,391,1,0,
United States,89273,0,,
doctors,1230,0,,
political,10431,0,,
health,8878,0,,
rule,7050,0,,
medical,6316,0,,
international,4589,0,,
tech,1094,0,,
countries,14239,0,,
information,5984,0,,
climate,1728,0,,
years,20880,0,,
physicians,195,0,,
including,13804,0,,
students,3715,0,,
training,1141,0,,
care,10631,0,,
support,10630,0,,
cases,11606,0,,
program,13539,0,,
pandemic,4026,0,,
women,6783,0,,
must,7682,0,,
rural,856,0,,
questions,3252,0,,
million,10491,0,,
need,10885,0,,
right,13752,0,,
born,6126,0,,
bill,8794,0,,
order,13115,0,,
policy,26714,0,,
country,34328,0,,
safe,4577,0,,
one,32686,0,,
jobs,5668,0,,
processing,2947,0,,
policies,10198,0,,
get,17386,0,,
process,10187,0,,
even,17474,0,,
return,4772,0,,
less,5632,0,,
president,16145,0,,
voice,1332,0,,
agency,10050,0,,
law,21872,0,,
work,17415,0,,
personal,1675,0,,
year,29119,0,,
experience,2001,0,,
officials,18072,0,,
New York,8744,0,,
crisis,10083,0,,
job,5343,0,,
testing,1126,0,,
back,18745,0,,
time,21702,0,,
class,2746,0,,
founder,736,0,,
company,2544,0,,
communities,5388,0,,
executive,7024,0,,
could,22853,0,,
facility,5541,0,,
skilled,1711,0,,
status,9086,0,,
Supreme Court,4787,0,,
supply,638,0,,
agents,11426,0,,
custody,9538,0,,
help,10458,0,,
want,12805,0,,
business,3174,0,,
state,12221,0,,
make,15033,0,,
due,4390,0,,
tested,1400,0,,
go,11476,0,,
areas,2393,0,,
media,5334,0,,
free,3814,0,,
think,11662,0,,
address,4275,0,,
ban,5330,0,,
case,13007,0,,
two,19613,0,,
statement,8871,0,,
medicine,433,0,,
issue,8399,0,,
know,14089,0,,
critical,1713,0,,
attorney,5362,0,,
home,12204,0,,
positive,2066,0,,
community,6455,0,,
governments,4442,0,,
white,6281,0,,
service,1949,0,,
travel,5340,0,,
long,11217,0,,
disease,1348,0,,
novel,394,0,,
restrictions,2380,0,,
dont,15294,0,,
population,5428,0,,
risk,4933,0,,
months,10630,0,,
left,8080,0,,
old,11496,0,,
fact,5914,0,,
question,5331,0,,
New Jersey,1352,0,,
physician,220,0,,
audience,1476,0,,
laws,8400,0,,
national,7733,0,,
deal,6008,0,,
five,4932,0,,
provide,6570,0,,
another,9507,0,,
wing,1480,0,,
lawyer,2872,0,,
research,1666,0,,
release,5871,0,,
already,9579,0,,
individuals,4468,0,,
voters,4129,0,,
economic,4872,0,,
city,5730,0,,
week,12318,0,,
spread,2218,0,,
highly,1244,0,,
anti,5334,0,,
father,4688,0,,
ruling,4317,0,,
use,7838,0,,
patients,757,0,,
conditions,6491,0,,
saying,7405,0,,
food,4991,0,,
plan,7229,0,,
end,10542,0,,
states,6940,0,,
aid,3763,0,,
receive,2585,0,,
without,12963,0,,
last,18008,0,,
hospitals,717,0,,
conservative,2779,0,,
mother,5322,0,,
school,4842,0,,
much,10157,0,,
girl,2332,0,,
two year,451,0,,
day,12491,0,,
administrations,9361,0,,
decision,8695,0,,
various,1186,0,,
conversations,867,0,,
woman,3738,0,,
enter,4813,0,,
maintain,868,0,,
released,8365,0,,
nation,4173,0,,
lawsuit,3907,0,,
issued,4248,0,,
group,12210,0,,
likely,7028,0,,
checks,1304,0,,
problem,5072,0,,
cities,5190,0,,
judge,7206,0,,
charge,4337,0,,
report,8164,0,,
groups,8323,0,,
knowledge,680,0,,
original,1866,0,,
numbers,5848,0,,
hoping,1165,0,,
flight,1425,0,,
opinion,1802,0,,
code,344,0,,
system,12027,0,,
member,3373,0,,
healthcare workers,57,0,,
large,5818,0,,
team,1795,0,,
available,3159,0,,
social,5102,0,,
party,3131,0,,
far,7531,0,,
currently,3364,0,,
advice,625,0,,
records,2451,0,,
institutions,623,0,,
entry,8586,0,,
start,4125,0,,
change,6811,0,,
open borders,1333,0,,
brother,1356,0,,
actually,4774,0,,
lawyers,3716,0,,
rhetoric,2653,0,,
become,6652,0,,
counter,595,0,,
employees,2795,0,,
inside,3104,0,,
gain,1217,0,,
top,4308,0,,
whether,8476,0,,
eligible,3555,0,,
next,6254,0,,
procedures,875,0,,
big,3325,0,,
difficult,3149,0,,
official,7582,0,,
executive order,3443,0,,
reality,1913,0,,
collar,639,0,,
former,6839,0,,
didnt,7386,0,,
voting,1302,0,,
leaders,4041,0,,
practice,3056,0,,
non,3783,0,,
seats,646,0,,
deaths,2009,0,,
thousand,763,0,,
doctor,766,0,,
love,1828,0,,
Mr Trumps,502,0,,
month,9426,0,,
flights,876,0,,
especially,3501,0,,
required,2497,0,,
page,1120,0,,
criminal,7678,0,,
life,7379,0,,
entertainment,123,0,,
twenty,176,0,,
sponsor,1209,0,,
outbreak,1060,0,,
seeking,7891,0,,
island,629,0,,
pursue,908,0,,
sanctuary,4011,0,,
director,6501,0,,
way,14093,0,,
founders,131,0,,
employer,560,0,,
sea,704,0,,
vital,574,0,,
article,1840,0,,
forced,4146,0,,
good,6026,0,,
four,5612,0,,
completing,127,0,,
really,7141,0,,
remain,4858,0,,
understand,2755,0,,
becoming,1378,0,,
every,7817,0,,
created,4400,0,,
national security,1867,0,,
data,4598,0,,
conflict,1087,0,,
line,4231,0,,
campaign,6047,0,,
means,4430,0,,
caravans,1901,0,,
Central America,4361,0,,
used,7690,0,,
found,7770,0,,
Central American,4748,0,,
terrorist,1151,0,,
members,10467,0,,
humanitarian,4413,0,,
days,10923,0,,
continue,6001,0,,
residents,3834,0,,
living,5899,0,,
leave,4555,0,,
recent,7754,0,,
movement,1859,0,,
agencies,3491,0,,
right wing,833,0,,
comment,3330,0,,
appeals,1107,0,,
gang,4564,0,,
public,13354,0,,
protections,3266,0,,
arrested,4998,0,,
talent,314,0,,
rules,2949,0,,
called,11426,0,,
held,7301,0,,
courts,5530,0,,
society,1931,0,,
fleeing,4142,0,,
parties,1377,0,,
three,10091,0,,
wage,1231,0,,
around,7802,0,,
local,6864,0,,
legal immigratiton,2699,0,,
unaccompanied,4075,0,,
the United States,61261,0,,
in the US,3914,0,,
collection,390,0,,
efforts,4484,0,,
mental,1387,0,,
proposed,2664,0,,
in the United,16939,0,,
biometric,248,0,,
conference,2148,0,,
solution,2159,0,,
mental health,904,0,,
collect,403,0,,
trauma,1080,0,,
from their,7556,0,,
crime,5035,0,,
the border,27134,0,,
the proposed,515,0,,
in line,783,0,,
progress,852,0,,
the political,1163,0,,
expand,1305,0,,
in America,1755,0,,
Syrian refugees,568,0,,
for all,1685,0,,
in line with,287,0,,
their parents,6898,0,,
proclamation,999,0,,
their families,3357,0,,
according to,13968,0,,
the Syrian,502,0,,
complaint,1124,0,,
refugees and,1426,0,,
orders,2416,0,,
across the,6792,0,,
to collect,240,0,,
the UK,932,0,,
the Senate,2503,0,,
and the,23370,0,,
databases,318,0,,
at the,36110,0,,
on the,33220,0,,
outlined,294,0,,
stress,726,0,,
privacy,542,0,,
the country,16311,0,,
of Syrian,191,0,,
database,615,0,,
youth,1079,0,,
needs,3832,0,,
collection of,177,0,,
that the,26890,0,,
we want,749,0,,
will be,9810,0,,
votes,1580,0,,
mass,3082,0,,
urge,375,0,,
we want to,476,0,,
rule would,276,0,,
there is,4553,0,,
in order to,2120,0,,
in China,256,0,,
safe and,596,0,,
money,5652,0,,
commit,1067,0,,
hired,685,0,,
principles,618,0,,
the Trump,15824,0,,
global,1787,0,,
host,1360,0,,
opportunities of,951,0,,
such as,5255,0,,
from their parents,3733,0,,
and free,379,0,,
is protected,1601,0,,
delegation,282,0,,
and security,615,0,,
can provide,1046,0,,
sensitive,404,0,,
across the country,1739,0,,
forward,2617,0,,
the world,4779,0,,
a political,1212,0,,
peace,674,0,,
compromise,1637,0,,
funds,1600,0,,
development,917,0,,
a wall,2418,0,,
and stories,1404,0,,
the coronavirus,3304,0,,
the caravan,3125,0,,
assistance,2635,0,,
from the,20257,0,,
the importance of,297,0,,
with the,19352,0,,
traumatic,398,0,,
in a,24790,0,,
supporters,1911,0,,
of the country,1228,0,,
efforts to,2284,0,,
less than,1786,0,,
towards,1096,0,,
working on,744,0,,
substantial,487,0,,
a a,676,0,,
due to,2897,0,,
services,3530,0,,
types of,510,0,,
of all,2718,0,,
falsely,530,0,,
DHS to,269,0,,
the Chinese,461,0,,
applications,2799,0,,
of children,3144,0,,
toward,3326,0,,
the only,2503,0,,
remains,2239,0,,
bipartisan,1747,0,,
election,3891,0,,
allow,5096,0,,
as a,16158,0,,
stories that,1490,0,,
the World,351,0,,
parts of,1197,0,,
proposal,3525,0,,
want to,8049,0,,
supporting,1119,0,,
stability,245,0,,
the South,451,0,,
out of,7761,0,,
number of people,1044,0,,
outlined in,78,0,,
the European,670,0,,
percent of,5638,0,,
more than,15416,0,,
to the United,10765,0,,
from China,335,0,,
Department of Homeland,5832,0,,
error,297,0,,
the pandemic,1672,0,,
separated from their,2884,0,,
the government,9582,0,,
found that,2083,0,,
identify,1032,0,,
of refugees,1843,0,,
is available,1130,0,,
claimed,2522,0,,
bring,3683,0,,
need to,5156,0,,
pay,4407,0,,
return of,244,0,,
importance,516,0,,
separated from,4471,0,,
Department of,9094,0,,
number of,11392,0,,
of Homeland Security,6135,0,,
commit to,140,0,,
rates,1747,0,,
surveillance,664,0,,
funding,4500,0,,
For example,930,0,,
the proclamation,239,0,,
crimes,3277,0,,
still,10437,0,,
the president,8206,0,,
of his,6181,0,,
away,7709,0,,
protected by,1813,0,,
has been,13274,0,,
to the US,2536,0,,
the Trump administration,9904,0,,
WASHINGTON The,344,0,,
to be,27364,0,,
of Syrian refugees,124,0,,
risks,982,0,,
to help,4629,0,,
measure,1947,0,,
example,3609,0,,
the Department of,5194,0,,
the agency,4842,0,,
be able to,2855,0,,
the migrants,2909,0,,
continued,3673,0,,
the conference,117,0,,
brain,322,0,,
universities,601,0,,
study,2184,0,,
the EU,644,0,,
that it,5843,0,,
there are,4042,0,,
allegations,1070,0,,
presidential,3293,0,,
of the Syrian,95,0,,
rent,426,0,,
changes,2964,0,,
The Associated Press,1056,0,,
startup,91,0,,
is a,16300,0,,
the police,854,0,,
in June,1421,0,,
experiences,572,0,,
fraud,1102,0,,
threat,3944,0,,
First Amendment,189,0,,
cant,6216,0,,
the program,4221,0,,
and a,7848,0,,
she says,1311,0,,
provided,3047,0,,
created by,1374,0,,
working class,592,0,,
at the border,8158,0,,
happening now,432,0,,
be reunited,984,0,,
the Home Office,222,0,,
are happening,435,0,,
able to,6460,0,,
the House,3451,0,,
access to,3322,0,,
reunited,2222,0,,
of illegal,3112,0,,
that DHS,246,0,,
legislation,4250,0,,
children and,3400,0,,
of our,5426,0,,
DHS has,262,0,,
can not,4146,0,,
the census,1243,0,,
one of,9677,0,,
images,991,0,,
guest,969,0,,
six months,1065,0,,
United States citizens,1886,0,,
in Mexico,6537,0,,
develop,379,0,,
this year,2981,0,,
well,11035,0,,
to get,8033,0,,
For years,258,0,,
fingerprints,284,0,,
physical,1484,0,,
one another,312,0,,
provide a,1603,0,,
and families,1044,0,,
he was,8673,0,,
store,634,0,,
native,1889,0,,
the executive,1183,0,,
situation,4315,0,,
gotten,748,0,,
communicate,335,0,,
safety,4746,0,,
first,16985,0,,
tax,1689,0,,
to any,1496,0,,
and other,6660,0,,
ADVERTISEMENT The,482,0,,
to identify,598,0,,
take,12570,0,,
vulnerable,2920,0,,
lawmakers,3107,0,,
a community,416,0,,
health and,825,0,,
did not,7455,0,,
and are,1861,0,,
the Democrats,1737,0,,
face,5756,0,,
worker,2059,0,,
United States of,469,0,,
challenges,1805,0,,
of people,7039,0,,
engineers,172,0,,
effects,947,0,,
a statement,5317,0,,
it also,416,0,,
resources,3459,0,,
your voice,379,0,,
There is,2471,0,,
the H B,507,0,,
States of America,345,0,,
who are,9211,0,,
permanent,3363,0,,
the United Kingdom,186,0,,
used by,694,0,,
change in,635,0,,
children from,2987,0,,
wont be,722,0,,
wont,2952,0,,
children have,1104,0,,
the administration,7028,0,,
come,12833,0,,
To be,324,0,,
collected,325,0,,
be sure,212,0,,
According to,3874,0,,
from their families,1149,0,,
does not,4629,0,,
is the,9812,0,,
call,5552,0,,
have been,16385,0,,
addition,1783,0,,
who have,6670,0,,
hoping to,622,0,,
better,5409,0,,
the Democratic,1716,0,,
call for,624,0,,
tested positive for,620,0,,
hours,4137,0,,
owned,431,0,,
her job,181,0,,
of the countrys,346,0,,
young,6626,0,,
Also on,173,0,,
multiple,1927,0,,
taking,4848,0,,
to communicate,187,0,,
communicate with,160,0,,
sure,3106,0,,
authority,2518,0,,
in as,462,0,,
to those,1726,0,,
should be,5162,0,,
that can,2001,0,,
I cant,841,0,,
living in the,1666,0,,
leadership,1819,0,,
of a,16054,0,,
into the,11738,0,,
the virus,1720,0,,
to work in,558,0,,
charged,2002,0,,
risk of,1386,0,,
children who,2461,0,,
recognition,421,0,,
for children,1019,0,,
the types of,83,0,,
newcomers,423,0,,
symptoms,658,0,,
The US,973,0,,
as well as,3828,0,,
the number of,5252,0,,
like to,1152,0,,
Social Security,930,0,,
stimulus,459,0,,
This is,7154,0,,
banned,533,0,,
is nothing,400,0,,
significant,2464,0,,
never,7701,0,,
based,7499,0,,
Democratic Party,649,0,,
to enter,2862,0,,
cities and,623,0,,
the University of,1282,0,,
to work,4221,0,,
the authority to,410,0,,
got,5439,0,,
Get a,937,0,,
The Trump administration,3577,0,,
Canada and,319,0,,
of this,5170,0,,
the facility,1509,0,,
United States to,1813,0,,
of America,1052,0,,
the nation,1222,0,,
photographs,202,0,,
The United States,2709,0,,
activism,331,0,,
work in,1667,0,,
security and,1184,0,,
it was,7610,0,,
the countrys,1893,0,,
may have,1501,0,,
inquiries,129,0,,
to enter the,1889,0,,
according to the,4309,0,,
to do,8855,0,,
support for,1652,0,,
international students,395,0,,
to maintain,520,0,,
on immigration,4227,0,,
that immigration,834,0,,
I think,5651,0,,
mainly,492,0,,
practice in,107,0,,
people from,2382,0,,
to gain,655,0,,
to realize,135,0,,
getting,4280,0,,
in Japan,96,0,,
interview,4160,0,,
have to,7885,0,,
it is,8499,0,,
becoming a,358,0,,
Office of,1851,0,,
done,4177,0,,
particularly,2716,0,,
is one of,1333,0,,
to receive,918,0,,
Fourth of July,247,0,,
highly skilled,233,0,,
late,3344,0,,
they are,9632,0,,
the immigration,3763,0,,
in the country,4004,0,,
move,5562,0,,
enter the,3031,0,,
the West,598,0,,
of foreign,678,0,,
six,4104,0,,
maintain the,130,0,,
for illegal immigrants,361,0,,
supply of,130,0,,
oppose,979,0,,
experienced,807,0,,
demand,1777,0,,
a large,2246,0,,
away from,2614,0,,
person,4929,0,,
public health,1328,0,,
the spread of,850,0,,
is not,9033,0,,
hour,1518,0,,
was a,6433,0,,
Trump has,5078,0,,
findings,482,0,,
passed,3402,0,,
a solution,573,0,,
on a,8351,0,,
This article is,404,0,,
trying to,7228,0,,
as the,9487,0,,
of Americas,421,0,,
executive orders,260,0,,
firm,799,0,,
China and,280,0,,
that are,3564,0,,
a nationwide,339,0,,
fight,3166,0,,
double the,205,0,,
to communicate with,102,0,,
taxes,1429,0,,
to leave,2570,0,,
to go,4882,0,,
claims,6434,0,,
building,2428,0,,
and then,3253,0,,
expand the,435,0,,
reunited with their,599,0,,
the Mexican,3125,0,,
It is,4952,0,,
Congress has,688,0,,
the fourth,226,0,,
day before,262,0,,
would also,907,0,,
would allow,970,0,,
the new,4084,0,,
allow the,796,0,,
future,4232,0,,
for illegal,1140,0,,
threat of,830,0,,
do not,4163,0,,
these children,839,0,,
all over,825,0,,
fraudulent,490,0,,
in people,150,0,,
get the,1074,0,,
the issue,2429,0,,
and refugees,1072,0,,
more than million,944,0,,
deeply,1081,0,,
appeals court,556,0,,
the complaint,412,0,,
the committee,206,0,,
a more,1458,0,,
living in,3213,0,,
integrity,500,0,,
a job,987,0,,
To be sure,78,0,,
combined,446,0,,
tell,3397,0,,
resolution,701,0,,
to a,15031,0,,
of immigrants,4629,0,,
accountable,577,0,,
Bay Area,121,0,,
been extended,180,0,,
crisis on,402,0,,
be reunited with,566,0,,
is also,2100,0,,
and another,517,0,,
their home,2646,0,,
meetings,480,0,,
communication,396,0,,
the order,1177,0,,
those of,630,0,,
likely to,3316,0,,
They would,303,0,,
in its,2665,0,,
financial,1472,0,,
the southern border,4585,0,,
engagement,213,0,,
issued a statement,236,0,,
agency to,391,0,,
children from their,1763,0,,
claim,5009,0,,
committee,947,0,,
set,5316,0,,
El Salvador,4998,0,,
samples,131,0,,
programs,3661,0,,
Latin America,804,0,,
decisions,1828,0,,
to become,1566,0,,
for a,11573,0,,
support a,280,0,,
had been,7178,0,,
to pay,1767,0,,
backed,1215,0,,
set out,297,0,,
see,10023,0,,
Despite the,515,0,,
toward a,203,0,,
submit,326,0,,
standards,1451,0,,
in need,481,0,,
that allows,576,0,,
families from,511,0,,
possible,3737,0,,
declined to,1292,0,,
and their,3598,0,,
of its,2492,0,,
contained,271,0,,
to expand,748,0,,
he says,1808,0,,
come to,3017,0,,
of migrants,5144,0,,
the Supreme Court,2767,0,,
reunited with,1140,0,,
a message,605,0,,
stressed,392,0,,
is still,1435,0,,
and special,881,0,,
costs,1489,0,,
places,2215,0,,
to help them,304,0,,
crisis on the,247,0,,
questions about,931,0,,
that he,7741,0,,
needs of,351,0,,
affected,1679,0,,
result in,727,0,,
home in,840,0,,
important,3913,0,,
on Twitter,3133,0,,
term,3931,0,,
meaningful,371,0,,
mandate,417,0,,
release of,774,0,,
a one,402,0,,
housing,2343,0,,
to provide,2737,0,,
the parents,1384,0,,
most of,2536,0,,
they were,7318,0,,
help them,543,0,,
the US and,793,0,,
at a,7734,0,,
of United States,2153,0,,
assist,632,0,,
special,2680,0,,
to fulfill,221,0,,
in my,1186,0,,
in need of,264,0,,
effect,3879,0,,
path,2077,0,,
forward with,362,0,,
in our,2907,0,,